{
    "Comment": [
        {
            "PutRequest": {
                "Item": {
                    "Id": {
                        "S": "I have a question/Location of Documentation/ IAM User Setup for the projects."
                    },
                    "CommentDateTime": {
                        "S": "2024-09-15T19:58:22.947Z"
                    },
                    "Message": {
                        "S": "Great work."
                    },
                    "PostedBy": {
                        "S": "User Abdulrahman"
                    }
                }
            }
        },
        {
            "PutRequest": {
                "Item": {
                    "Id": {
                        "S": "I have a question/Location of Documentation/ IAM User Setup for the projects."
                    },
                    "CommentDateTime": {
                        "S": "2024-09-22T19:58:22.947Z"
                    },
                    "Message": {
                        "S": "You’ve done a fantastic job!"
                    },
                    "PostedBy": {
                        "S": "User Abhishek"
                    }
                }
            }
        },
        {
            "PutRequest": {
                "Item": {
                    "Id": {
                        "S": "I have a question/Just Complete Project #7 Dependencies and CodeArtifacts"
                    },
                    "CommentDateTime": {
                        "S": "2024-08-29T19:58:22.947Z"
                    },
                    "Message": {
                        "S": "Excellent"
                    },
                    "PostedBy": {
                        "S": "User Abdulrahman"
                    }
                }
            }
        },
        {
            "PutRequest": {
                "Item": {
                    "Id": {
                        "S": "I have a question/Just Complete Project #7 Dependencies and CodeArtifacts"
                    },
                    "CommentDateTime": {
                        "S": "2024-09-01T19:58:22.947Z"
                    },
                    "Message": {
                        "S": "Legendary"
                    },
                    "PostedBy": {
                        "S": "User Abhishek"
                    }
                }
            }
        }
    ]
}